Unnamed: 0,Date,Gender,Age,Product Category,Quantity,Price per Unit,Total Amount
0,2023-11-24,Male,34,Beauty,3,50,150.0
1,2023-02-27,Female,26,Clothing,2,500,1000.0
2,2023-01-13,Male,50,Electronics,1,30,30.0
3,2023-05-21,Male,37,Clothing,1,500,500.0
4,2023-05-06,Male,30,Beauty,2,50,100.0
5,2023-04-25,Female,45,Beauty,1,30,30.0
6,2023-03-13,Male,46,Clothing,2,25,50.0
7,2023-02-22,Male,30,Electronics,4,25,100.0
8,2023-12-13,Male,63,Electronics,2,300,600.0
9,2023-10-07,Female,52,Clothing,4,50,200.0
10,2023-02-14,Male,23,Clothing,2,50,100.0
11,2023-10-30,Male,35,Beauty,3,25,75.0
12,2023-08-05,Male,22,Electronics,3,500,1500.0
13,2023-01-17,Male,64,Clothing,4,30,120.0
14,2023-01-16,Female,42,Electronics,4,500,2000.0
15,2023-02-17,Male,19,Clothing,3,500,1500.0
16,2023-04-22,Female,27,Clothing,4,25,100.0
17,2023-04-30,Female,47,Electronics,2,25,50.0
18,2023-09-16,Female,62,Clothing,2,25,50.0
19,2023-11-05,Male,22,Clothing,3,300,900.0
20,2023-01-14,Female,50,Beauty,1,500,500.0
21,2023-10-15,Male,18,Clothing,2,50,100.0
22,2023-04-12,Female,35,Clothing,4,30,120.0
23,2023-11-29,Female,49,Clothing,1,300,300.0
24,2023-12-26,Female,64,Beauty,1,50,50.0
25,2023-10-07,Female,28,Electronics,2,500,1000.0
26,2023-08-03,Female,38,Beauty,2,25,50.0
27,2023-04-23,Female,43,Beauty,1,500,500.0
28,2023-08-18,Female,42,Electronics,1,30,30.0
29,2023-10-29,Female,39,Beauty,3,300,900.0
30,2023-05-23,Male,44,Electronics,4,300,1200.0
31,2023-01-04,Male,30,Beauty,3,30,90.0
32,2023-03-23,Female,50,Electronics,2,50,100.0
33,2023-12-24,Female,51,Clothing,3,50,150.0
34,2023-08-05,Female,58,Beauty,3,300,900.0
35,2023-06-24,Male,52,Beauty,3,300,900.0
36,2023-05-23,Female,18,Beauty,3,25,75.0
37,2023-03-21,Male,38,Beauty,4,50,200.0
38,2023-04-21,Male,23,Clothing,4,30,120.0
39,2023-06-22,Male,45,Beauty,1,50,50.0
40,2023-02-22,Male,34,Clothing,2,25,50.0
41,2023-02-17,Male,22,Clothing,3,300,900.0
42,2023-07-14,Female,48,Clothing,1,300,300.0
43,2023-02-19,Female,22,Clothing,1,25,25.0
44,2023-07-03,Female,55,Electronics,1,30,30.0
45,2023-06-26,Female,20,Electronics,4,300,1200.0
46,2023-11-06,Female,40,Beauty,3,500,1500.0
47,2023-05-16,Male,54,Electronics,3,300,900.0
48,2023-01-23,Female,54,Electronics,2,500,1000.0
49,2023-08-24,Female,27,Beauty,3,25,75.0
50,2023-10-02,Male,27,Beauty,3,25,75.0
51,2023-03-05,Female,36,Beauty,1,300,300.0
52,2023-07-13,Male,34,Electronics,2,50,100.0
53,2023-02-10,Female,38,Electronics,3,500,1500.0
54,2023-10-10,Male,31,Beauty,4,30,120.0
55,2023-05-31,Female,26,Clothing,3,300,900.0
56,2023-11-18,Female,63,Beauty,1,30,30.0
57,2023-11-13,Male,18,Clothing,4,300,1200.0
58,2023-07-05,Male,62,Clothing,1,50,50.0
59,2023-10-23,Male,30,Beauty,3,50,150.0
60,2023-04-09,Male,21,Beauty,4,50,200.0
61,2023-12-27,Male,18,Beauty,2,50,100.0
62,2023-02-05,Male,57,Electronics,2,25,50.0
63,2023-01-24,Male,49,Clothing,4,25,100.0
64,2023-12-05,Male,51,Electronics,4,500,2000.0
65,2023-04-27,Female,45,Electronics,1,30,30.0
66,2023-05-29,Female,48,Beauty,4,300,1200.0
67,2023-02-10,Male,25,Electronics,1,300,300.0
68,2023-04-30,Female,56,Beauty,3,25,75.0
69,2023-02-21,Female,43,Clothing,1,300,300.0
70,2023-07-14,Female,51,Beauty,4,25,100.0
71,2023-05-23,Female,20,Electronics,4,500,2000.0
72,2023-08-21,Male,29,Electronics,3,30,90.0
73,2023-11-22,Female,18,Beauty,4,500,2000.0
74,2023-07-06,Male,61,Beauty,4,50,200.0
75,2023-03-25,Female,22,Electronics,2,50,100.0
76,2023-07-09,Female,47,Clothing,2,50,100.0
77,2023-07-01,Female,47,Clothing,3,500,1500.0
78,2023-04-18,Male,34,Beauty,1,300,300.0
79,2023-12-10,Female,64,Clothing,2,30,60.0
80,2023-05-17,Male,40,Electronics,1,50,50.0
81,2023-12-26,Female,32,Beauty,4,50,200.0
82,2023-12-16,Male,54,Electronics,2,50,100.0
83,2023-11-28,Female,38,Electronics,3,30,90.0
84,2023-02-06,Male,31,Clothing,3,50,150.0
85,2023-11-08,Male,19,Beauty,3,30,90.0
86,2023-11-22,Female,28,Beauty,2,50,100.0
87,2023-03-29,Male,56,Clothing,1,500,500.0
88,2023-10-01,Female,55,Electronics,4,500,2000.0
89,2023-05-06,Female,51,Electronics,1,30,30.0
90,2023-03-25,Female,55,Electronics,1,500,500.0
91,2023-08-25,Female,51,Electronics,4,30,120.0
92,2023-07-14,Female,35,Beauty,4,500,2000.0
93,2023-05-19,Female,47,Beauty,2,500,1000.0
94,2023-11-24,Female,32,Clothing,2,30,60.0
95,2023-12-19,Female,44,Clothing,2,300,600.0
96,2023-10-13,Female,51,Beauty,2,500,1000.0
97,2023-04-23,Female,55,Beauty,2,50,100.0
98,2023-12-17,Female,50,Electronics,4,300,1200.0
99,2023-06-16,Male,41,Electronics,1,30,30.0
100,2023-01-29,Male,32,Clothing,2,300,600.0
101,2023-04-28,Female,47,Beauty,2,25,50.0
102,2023-01-17,Female,59,Clothing,1,25,25.0
103,2023-06-11,Female,34,Beauty,2,500,1000.0
104,2023-07-25,Female,22,Electronics,1,500,500.0
105,2023-05-18,Female,46,Clothing,1,50,50.0
106,2023-02-03,Female,21,Clothing,4,300,1200.0
107,2023-04-19,Female,27,Beauty,3,25,75.0
108,2023-10-18,Female,34,Electronics,4,500,2000.0
109,2023-06-11,Male,27,Clothing,3,300,900.0
110,2023-04-19,Female,34,Electronics,3,500,1500.0
111,2023-12-02,Male,37,Clothing,3,500,1500.0
112,2023-09-13,Female,41,Electronics,2,25,50.0
113,2023-07-22,Female,22,Beauty,4,25,100.0
114,2023-11-26,Male,51,Clothing,3,500,1500.0
115,2023-08-23,Female,23,Clothing,1,30,30.0
116,2023-03-15,Male,19,Electronics,2,500,1000.0
117,2023-05-16,Female,30,Electronics,4,500,2000.0
118,2023-03-13,Female,60,Clothing,3,50,150.0
119,2023-05-07,Male,60,Beauty,1,50,50.0
120,2023-10-15,Female,28,Electronics,4,50,200.0
121,2023-10-03,Male,64,Electronics,4,30,120.0
122,2023-05-15,Female,40,Electronics,2,30,60.0
123,2023-10-27,Male,33,Clothing,4,500,2000.0
124,2023-08-08,Male,48,Clothing,2,50,100.0
125,2023-10-26,Female,28,Clothing,3,30,90.0
126,2023-07-24,Female,33,Clothing,2,25,50.0
127,2023-07-05,Male,25,Beauty,1,500,500.0
128,2023-04-23,Female,21,Beauty,2,300,600.0
129,2023-03-12,Female,57,Clothing,1,500,500.0
130,2023-09-18,Female,21,Beauty,2,300,600.0
131,2023-09-10,Male,42,Electronics,4,50,200.0
132,2023-02-16,Male,20,Electronics,3,300,900.0
133,2023-01-25,Male,49,Electronics,1,50,50.0
134,2023-02-26,Male,20,Clothing,2,25,50.0
135,2023-03-20,Male,44,Electronics,2,300,600.0
136,2023-11-18,Male,46,Beauty,2,500,1000.0
137,2023-03-23,Male,49,Clothing,4,50,200.0
138,2023-12-15,Male,36,Beauty,4,500,2000.0
139,2023-08-05,Male,38,Electronics,1,30,30.0
140,2023-11-02,Female,22,Electronics,1,50,50.0
141,2023-02-02,Male,35,Electronics,4,300,1200.0
142,2023-07-17,Female,45,Clothing,1,50,50.0
143,2023-07-15,Female,59,Beauty,3,500,1500.0
144,2023-11-02,Female,39,Clothing,3,25,75.0
145,2023-08-28,Male,38,Clothing,4,50,200.0
146,2023-09-28,Male,23,Electronics,1,300,300.0
147,2023-05-09,Male,18,Clothing,2,30,60.0
148,2023-10-11,Male,22,Clothing,3,25,75.0
149,2023-01-06,Female,58,Electronics,4,30,120.0
150,2023-12-15,Male,29,Clothing,1,50,50.0
151,2023-02-28,Male,43,Electronics,4,500,2000.0
152,2023-12-16,Male,63,Electronics,2,500,1000.0
153,2023-10-02,Male,51,Electronics,3,300,900.0
154,2023-05-17,Male,31,Electronics,4,500,2000.0
155,2023-11-25,Female,43,Clothing,4,25,100.0
156,2023-06-24,Male,62,Electronics,4,500,2000.0
157,2023-02-27,Female,44,Electronics,2,300,600.0
158,2023-05-31,Male,26,Clothing,4,50,200.0
159,2023-08-11,Female,43,Clothing,2,50,100.0
160,2023-03-22,Male,64,Beauty,2,500,1000.0
161,2023-08-21,Male,39,Clothing,2,30,60.0
162,2023-01-02,Female,64,Clothing,3,50,150.0
163,2023-05-15,Female,47,Beauty,3,500,1500.0
164,2023-09-14,Female,60,Clothing,4,300,1200.0
165,2023-04-02,Male,34,Clothing,4,500,2000.0
166,2023-09-17,Female,43,Clothing,3,50,150.0
167,2023-02-24,Male,53,Clothing,1,300,300.0
168,2023-11-17,Male,18,Beauty,3,500,1500.0
169,2023-06-02,Female,25,Clothing,2,25,50.0
170,2023-11-24,Female,52,Clothing,3,300,900.0
171,2023-09-17,Male,32,Beauty,2,25,50.0
172,2023-11-08,Male,64,Electronics,4,30,120.0
173,2023-04-12,Female,39,Beauty,1,300,300.0
174,2023-03-20,Female,31,Electronics,4,25,100.0
175,2023-07-11,Female,43,Beauty,2,50,100.0
176,2023-03-24,Male,45,Beauty,2,50,100.0
177,2023-10-04,Male,40,Clothing,2,30,60.0
178,2023-09-29,Male,31,Electronics,1,300,300.0
179,2023-01-01,Male,41,Clothing,3,300,900.0
180,2023-11-03,Male,19,Electronics,4,300,1200.0
181,2023-06-15,Male,62,Beauty,4,30,120.0
182,2023-09-08,Female,43,Beauty,3,300,900.0
183,2023-01-10,Male,31,Electronics,4,50,200.0
184,2023-02-27,Male,24,Clothing,1,25,25.0
185,2023-07-05,Male,20,Clothing,4,50,200.0
186,2023-06-07,Female,64,Clothing,2,50,100.0
187,2023-05-03,Male,40,Clothing,3,25,75.0
188,2023-01-30,Male,63,Beauty,1,50,50.0
189,2023-05-04,Female,60,Beauty,3,30,90.0
190,2023-10-18,Male,64,Beauty,1,25,25.0
191,2023-02-10,Male,62,Beauty,2,50,100.0
192,2023-02-13,Male,35,Beauty,3,500,1500.0
193,2023-09-06,Male,55,Clothing,4,50,200.0
194,2023-02-05,Male,52,Clothing,1,30,30.0
195,2023-09-30,Female,32,Clothing,3,300,900.0
196,2023-03-06,Female,42,Clothing,4,50,200.0
197,2023-03-07,Female,54,Beauty,3,300,900.0
198,2023-12-04,Male,45,Beauty,3,500,1500.0
199,2023-09-01,Male,27,Beauty,3,50,150.0
200,2023-10-09,Male,56,Electronics,1,25,25.0
201,2023-03-26,Female,34,Clothing,4,300,1200.0
202,2023-05-16,Male,56,Clothing,2,500,1000.0
203,2023-09-28,Male,39,Beauty,1,25,25.0
204,2023-11-07,Female,43,Clothing,1,25,25.0
205,2023-08-05,Male,61,Clothing,1,25,25.0
206,2023-04-19,Female,42,Beauty,2,25,50.0
207,2023-10-04,Female,34,Electronics,4,50,200.0
208,2023-12-20,Female,30,Electronics,4,50,200.0
209,2023-04-13,Male,37,Electronics,4,50,200.0
210,2024-01-01,Male,42,Beauty,3,500,1500.0
211,2023-06-09,Male,21,Clothing,3,500,1500.0
212,2023-07-24,Male,27,Beauty,3,500,1500.0
213,2023-12-10,Male,20,Beauty,2,30,60.0
214,2023-11-29,Male,58,Clothing,3,500,1500.0
215,2023-07-11,Male,62,Electronics,2,50,100.0
216,2023-08-13,Female,35,Electronics,4,50,200.0
217,2023-09-22,Male,64,Beauty,3,30,90.0
218,2023-08-20,Female,53,Electronics,3,30,90.0
219,2023-03-03,Male,64,Beauty,1,500,500.0
220,2023-05-07,Male,39,Beauty,2,300,600.0
221,2023-04-26,Male,51,Clothing,4,30,120.0
222,2023-02-02,Female,64,Clothing,1,25,25.0
223,2023-06-23,Female,25,Clothing,1,50,50.0
224,2023-01-11,Female,57,Beauty,4,25,100.0
225,2023-10-29,Female,61,Clothing,1,50,50.0
226,2023-10-11,Male,36,Electronics,2,50,100.0
227,2023-04-28,Female,59,Electronics,2,30,60.0
228,2023-10-29,Male,58,Beauty,3,30,90.0
229,2023-04-23,Male,54,Beauty,1,25,25.0
230,2023-01-04,Female,23,Clothing,3,50,150.0
231,2023-02-06,Female,43,Beauty,1,25,25.0
232,2023-12-29,Female,51,Beauty,2,300,600.0
233,2023-11-20,Female,62,Electronics,2,25,50.0
234,2023-01-31,Female,23,Electronics,2,500,1000.0
235,2023-04-28,Female,54,Clothing,1,25,25.0
236,2023-02-04,Female,50,Beauty,2,500,1000.0
237,2023-01-17,Female,39,Beauty,1,500,500.0
238,2023-06-19,Male,38,Electronics,3,500,1500.0
239,2023-02-06,Female,23,Beauty,1,300,300.0
240,2023-09-21,Female,23,Electronics,3,25,75.0
241,2023-05-02,Male,21,Clothing,1,25,25.0
242,2023-05-23,Female,47,Electronics,3,300,900.0
243,2023-12-09,Male,28,Beauty,2,50,100.0
244,2023-09-06,Male,47,Clothing,3,30,90.0
245,2023-04-20,Female,48,Electronics,2,25,50.0
246,2023-10-04,Male,41,Electronics,2,30,60.0
247,2023-03-09,Male,26,Clothing,3,300,900.0
248,2023-10-20,Male,20,Clothing,1,50,50.0
249,2023-10-23,Male,48,Electronics,1,50,50.0
250,2023-08-31,Female,57,Beauty,4,50,200.0
251,2023-05-05,Male,54,Electronics,1,300,300.0
252,2023-08-31,Female,53,Clothing,4,500,2000.0
253,2023-07-28,Male,41,Electronics,1,500,500.0
254,2023-04-08,Male,48,Clothing,1,30,30.0
255,2023-02-18,Male,23,Clothing,2,500,1000.0
256,2023-02-19,Male,19,Beauty,4,500,2000.0
257,2023-12-04,Female,37,Clothing,1,50,50.0
258,2023-08-09,Female,45,Clothing,4,50,200.0
259,2023-07-01,Male,28,Beauty,2,30,60.0
260,2023-08-05,Male,21,Clothing,2,25,50.0
261,2023-07-30,Female,32,Beauty,4,30,120.0
262,2023-08-28,Male,23,Beauty,2,30,60.0
263,2023-01-28,Male,47,Clothing,3,300,900.0
264,2023-12-11,Male,55,Clothing,3,300,900.0
265,2023-12-01,Female,19,Electronics,2,30,60.0
266,2023-11-27,Female,32,Beauty,3,30,90.0
267,2023-02-20,Female,28,Electronics,1,30,30.0
268,2023-02-01,Male,25,Clothing,4,500,2000.0
269,2023-07-26,Male,43,Electronics,1,300,300.0
270,2023-06-23,Female,62,Beauty,4,30,120.0
271,2023-02-25,Female,61,Electronics,2,50,100.0
272,2023-05-08,Female,22,Beauty,1,50,50.0
273,2023-04-09,Female,23,Clothing,2,500,1000.0
274,2023-04-08,Male,43,Clothing,2,500,1000.0
275,2023-10-02,Female,21,Beauty,4,25,100.0
276,2023-08-18,Male,36,Clothing,4,25,100.0
277,2023-03-13,Female,37,Clothing,4,25,100.0
278,2023-08-05,Male,50,Clothing,1,500,500.0
279,2023-04-04,Female,37,Clothing,3,500,1500.0
280,2023-05-23,Female,29,Beauty,4,500,2000.0
281,2023-08-25,Female,64,Electronics,4,50,200.0
282,2023-05-08,Female,18,Electronics,1,500,500.0
283,2023-02-08,Male,43,Clothing,4,50,200.0
284,2023-08-15,Female,31,Electronics,1,25,25.0
285,2023-10-09,Male,55,Electronics,2,25,50.0
286,2023-02-20,Male,54,Clothing,4,25,100.0
287,2023-01-26,Male,28,Clothing,4,30,120.0
288,2023-11-30,Male,53,Electronics,2,30,60.0
289,2023-10-04,Female,30,Beauty,2,300,600.0
290,2023-01-08,Male,60,Clothing,2,300,600.0
291,2023-02-17,Male,20,Beauty,4,300,1200.0
292,2023-05-02,Male,50,Electronics,3,30,90.0
293,2023-03-27,Female,23,Clothing,3,30,90.0
294,2023-07-28,Female,27,Beauty,3,300,900.0
295,2023-09-06,Female,22,Clothing,4,300,1200.0
296,2023-09-04,Female,40,Electronics,2,500,1000.0
297,2023-04-20,Male,27,Beauty,4,300,1200.0
298,2023-07-25,Male,61,Electronics,2,500,1000.0
299,2023-01-31,Female,19,Electronics,4,50,200.0
300,2023-03-26,Male,30,Clothing,4,30,120.0
301,2023-07-14,Male,57,Beauty,2,300,600.0
302,2023-01-02,Male,19,Electronics,3,30,90.0
303,2023-07-19,Female,37,Electronics,2,30,60.0
304,2023-05-16,Female,18,Beauty,1,30,30.0
305,2023-08-21,Male,54,Electronics,1,50,50.0
306,2023-05-27,Female,26,Electronics,2,25,50.0
307,2023-08-05,Female,34,Beauty,4,300,1200.0
308,2023-12-23,Female,26,Beauty,1,25,25.0
309,2023-10-12,Female,28,Beauty,1,25,25.0
310,2023-12-05,Female,32,Beauty,4,25,100.0
311,2023-09-07,Male,41,Clothing,4,30,120.0
312,2023-03-21,Female,55,Beauty,3,500,1500.0
313,2023-04-08,Male,52,Clothing,4,30,120.0
314,2023-06-01,Male,47,Clothing,2,30,60.0
315,2023-04-22,Female,48,Clothing,2,25,50.0
316,2023-01-30,Male,22,Electronics,3,30,90.0
317,2023-10-24,Male,61,Clothing,1,25,25.0
318,2023-10-05,Male,31,Clothing,1,500,500.0
319,2023-02-01,Female,28,Electronics,4,300,1200.0
320,2023-06-10,Female,26,Electronics,2,25,50.0
321,2023-01-30,Male,51,Electronics,1,500,500.0
322,2023-01-26,Female,29,Beauty,3,300,900.0
323,2023-10-27,Female,52,Electronics,3,50,150.0
324,2023-09-02,Female,52,Electronics,2,25,50.0
325,2023-09-15,Female,18,Clothing,3,25,75.0
326,2023-09-29,Male,57,Electronics,3,50,150.0
327,2023-03-22,Male,39,Beauty,2,50,100.0
328,2023-01-30,Female,46,Electronics,4,25,100.0
329,2023-09-18,Female,25,Beauty,4,50,200.0
330,2023-02-11,Male,28,Electronics,3,30,90.0
331,2023-04-06,Male,58,Electronics,4,300,1200.0
332,2023-02-05,Female,54,Electronics,4,300,1200.0
333,2023-11-01,Male,31,Electronics,3,300,900.0
334,2023-02-04,Female,47,Beauty,4,30,120.0
335,2023-12-12,Female,52,Beauty,3,50,150.0
336,2023-05-01,Male,38,Clothing,1,500,500.0
337,2023-07-26,Male,54,Beauty,2,50,100.0
338,2023-03-03,Female,22,Electronics,2,25,50.0
339,2023-10-19,Female,36,Clothing,4,300,1200.0
340,2023-05-07,Male,31,Clothing,4,50,200.0
341,2023-10-24,Female,43,Clothing,4,500,2000.0
342,2023-11-01,Male,21,Electronics,2,25,50.0
343,2023-01-21,Female,42,Beauty,1,30,30.0
344,2023-11-14,Male,62,Electronics,1,30,30.0
345,2023-02-11,Male,59,Clothing,2,500,1000.0
346,2023-08-03,Male,42,Electronics,1,25,25.0
347,2023-12-03,Female,35,Electronics,2,300,600.0
348,2023-10-26,Female,57,Beauty,1,50,50.0
349,2023-10-17,Male,25,Beauty,3,25,75.0
350,2023-09-25,Female,56,Clothing,3,30,90.0
351,2023-06-11,Male,57,Electronics,2,500,1000.0
352,2023-05-14,Male,31,Electronics,1,500,500.0
353,2023-04-15,Female,49,Beauty,4,50,200.0
354,2023-12-09,Female,55,Electronics,1,500,500.0
355,2023-06-10,Male,50,Electronics,3,500,1500.0
356,2023-05-03,Female,40,Electronics,3,25,75.0
357,2023-05-16,Female,32,Beauty,1,300,300.0
358,2023-07-22,Male,50,Clothing,1,50,50.0
359,2023-03-09,Male,42,Clothing,4,25,100.0
360,2023-12-10,Female,34,Electronics,4,300,1200.0
361,2023-11-27,Male,50,Clothing,1,25,25.0
362,2023-06-03,Male,64,Beauty,1,25,25.0
363,2023-08-23,Female,19,Beauty,1,500,500.0
364,2023-06-11,Male,31,Clothing,1,300,300.0
365,2023-02-07,Male,57,Clothing,2,50,100.0
366,2023-01-05,Female,57,Electronics,1,50,50.0
367,2023-08-23,Female,56,Clothing,4,300,1200.0
368,2023-11-15,Male,23,Electronics,3,500,1500.0
369,2023-10-16,Male,23,Electronics,2,30,60.0
370,2023-02-21,Female,20,Beauty,1,25,25.0
371,2023-02-07,Female,24,Beauty,3,500,1500.0
372,2023-10-03,Female,25,Beauty,2,300,600.0
373,2023-04-20,Female,59,Beauty,3,25,75.0
374,2023-09-17,Male,32,Clothing,1,50,50.0
375,2023-05-16,Female,64,Beauty,1,30,30.0
376,2023-03-09,Female,46,Clothing,4,50,200.0
377,2023-06-28,Male,50,Beauty,1,300,300.0
378,2023-02-05,Female,47,Clothing,1,25,25.0
379,2023-05-06,Male,56,Electronics,2,300,600.0
380,2023-07-09,Female,44,Clothing,4,25,100.0
381,2023-05-26,Female,53,Clothing,2,500,1000.0
382,2023-03-22,Female,46,Beauty,3,30,90.0
383,2023-08-13,Male,55,Clothing,1,500,500.0
384,2023-10-06,Male,50,Electronics,3,500,1500.0
385,2023-12-27,Female,54,Electronics,2,300,600.0
386,2023-06-04,Male,44,Beauty,1,30,30.0
387,2023-11-10,Male,50,Electronics,1,25,25.0
388,2023-12-01,Male,21,Clothing,2,25,50.0
389,2023-09-28,Male,39,Electronics,2,50,100.0
390,2023-01-05,Male,19,Beauty,2,25,50.0
391,2023-12-08,Male,27,Clothing,2,300,600.0
392,2023-10-11,Female,22,Beauty,2,500,1000.0
393,2023-06-03,Female,27,Clothing,1,500,500.0
394,2023-12-06,Male,50,Electronics,2,500,1000.0
395,2023-02-23,Female,55,Beauty,1,30,30.0
396,2023-03-10,Female,30,Beauty,1,25,25.0
397,2023-05-16,Female,48,Clothing,2,300,600.0
398,2023-03-01,Female,64,Beauty,2,30,60.0
399,2023-02-24,Male,53,Clothing,4,50,200.0
400,2023-10-11,Female,62,Clothing,1,300,300.0
401,2023-03-21,Female,41,Clothing,2,300,600.0
402,2023-05-20,Male,32,Clothing,2,300,600.0
403,2023-05-25,Male,46,Electronics,2,500,1000.0
404,2023-11-06,Female,25,Clothing,4,300,1200.0
405,2023-04-18,Female,22,Beauty,4,25,100.0
406,2023-06-25,Female,46,Electronics,3,300,900.0
407,2023-04-15,Female,64,Beauty,1,500,500.0
408,2023-12-18,Female,21,Electronics,3,300,900.0
409,2023-11-21,Female,29,Clothing,2,50,100.0
410,2023-05-16,Male,62,Electronics,4,50,200.0
411,2023-09-16,Female,19,Electronics,4,500,2000.0
412,2023-09-08,Female,44,Beauty,3,25,75.0
413,2023-05-09,Male,48,Beauty,4,25,100.0
414,2023-01-27,Male,53,Clothing,2,30,60.0
415,2023-02-17,Male,53,Electronics,4,500,2000.0
416,2023-11-21,Male,43,Electronics,3,300,900.0
417,2023-08-05,Female,60,Electronics,2,500,1000.0
418,2023-05-22,Female,44,Clothing,3,30,90.0
419,2023-01-23,Female,22,Clothing,4,500,2000.0
420,2023-01-02,Female,37,Clothing,3,500,1500.0
421,2023-06-20,Female,28,Clothing,3,30,90.0
422,2023-03-08,Female,27,Clothing,1,25,25.0
423,2023-11-23,Male,57,Beauty,4,300,1200.0
424,2023-05-15,Female,55,Electronics,4,30,120.0
425,2023-03-24,Male,23,Electronics,3,50,150.0
426,2023-08-15,Male,25,Electronics,1,25,25.0
427,2023-10-10,Female,40,Electronics,4,50,200.0
428,2023-12-28,Male,64,Electronics,2,25,50.0
429,2023-08-07,Female,43,Electronics,3,300,900.0
430,2023-10-15,Male,63,Electronics,4,300,1200.0
431,2023-01-05,Female,60,Electronics,2,500,1000.0
432,2023-02-27,Male,29,Beauty,4,50,200.0
433,2023-02-08,Female,43,Electronics,2,25,50.0
434,2023-12-20,Female,30,Beauty,3,300,900.0
435,2023-03-18,Female,57,Clothing,4,30,120.0
436,2023-10-07,Female,35,Electronics,4,300,1200.0
437,2023-01-19,Female,42,Clothing,1,30,30.0
438,2023-07-09,Male,50,Clothing,3,25,75.0
439,2023-10-26,Male,64,Clothing,2,300,600.0
440,2023-10-10,Male,57,Beauty,4,300,1200.0
441,2023-03-17,Female,60,Clothing,4,25,100.0
442,2023-08-09,Male,29,Clothing,2,300,600.0
443,2023-03-07,Female,61,Clothing,3,30,90.0
444,2023-01-22,Female,53,Electronics,1,300,300.0
445,2023-06-07,Male,21,Electronics,1,50,50.0
446,2023-07-06,Male,22,Beauty,4,500,2000.0
447,2023-01-21,Female,54,Beauty,2,30,60.0
448,2023-07-03,Male,25,Electronics,4,50,200.0
449,2023-04-18,Female,59,Beauty,2,25,50.0
450,2023-12-16,Female,45,Electronics,1,30,30.0
451,2023-05-08,Female,48,Clothing,3,500,1500.0
452,2023-12-08,Female,26,Clothing,2,500,1000.0
453,2023-02-22,Female,46,Beauty,1,25,25.0
454,2023-07-01,Male,31,Electronics,4,25,100.0
455,2023-10-14,Male,57,Electronics,2,30,60.0
456,2023-07-28,Female,58,Beauty,3,300,900.0
457,2023-11-14,Female,39,Electronics,4,25,100.0
458,2023-03-21,Male,28,Clothing,4,300,1200.0
459,2023-05-02,Male,40,Beauty,1,50,50.0
460,2023-03-25,Female,18,Beauty,2,500,1000.0
461,2023-04-01,Male,63,Electronics,4,300,1200.0
462,2023-07-31,Female,54,Beauty,3,500,1500.0
463,2023-01-13,Male,38,Electronics,2,300,600.0
464,2023-04-02,Female,43,Electronics,3,50,150.0
465,2023-06-20,Male,63,Electronics,4,25,100.0
466,2023-07-30,Female,53,Electronics,3,50,150.0
467,2023-12-09,Male,40,Electronics,1,25,25.0
468,2023-05-08,Male,18,Beauty,3,25,75.0
469,2023-05-17,Female,57,Clothing,2,500,1000.0
470,2023-03-23,Male,32,Clothing,3,50,150.0
471,2023-12-26,Female,38,Beauty,3,300,900.0
472,2023-02-25,Male,64,Beauty,1,50,50.0
473,2023-07-15,Female,26,Clothing,3,500,1500.0
474,2023-01-20,Male,26,Clothing,3,25,75.0
475,2023-08-29,Female,27,Clothing,4,500,2000.0
476,2023-04-24,Male,43,Clothing,4,30,120.0
477,2023-04-13,Female,58,Clothing,2,30,60.0
478,2023-08-24,Male,52,Electronics,4,300,1200.0
479,2023-06-29,Female,42,Beauty,4,500,2000.0
480,2023-06-06,Female,43,Electronics,4,300,1200.0
481,2023-04-27,Female,28,Clothing,4,300,1200.0
482,2023-04-25,Male,55,Clothing,1,30,30.0
483,2023-01-13,Female,19,Clothing,4,300,1200.0
484,2023-12-04,Male,24,Electronics,1,30,30.0
485,2023-04-09,Female,35,Electronics,1,25,25.0
486,2023-07-24,Male,44,Clothing,4,500,2000.0
487,2023-06-18,Female,51,Electronics,3,300,900.0
488,2023-05-23,Male,44,Electronics,1,30,30.0
489,2023-02-05,Male,34,Clothing,3,50,150.0
490,2023-05-23,Female,60,Electronics,3,300,900.0
491,2023-06-29,Male,61,Beauty,4,25,100.0
492,2023-11-25,Male,41,Beauty,2,25,50.0
493,2023-09-18,Female,42,Beauty,4,50,200.0
494,2023-07-24,Male,24,Beauty,2,30,60.0
495,2023-12-14,Male,23,Clothing,2,300,600.0
496,2023-10-02,Male,41,Clothing,4,30,120.0
497,2023-06-19,Female,50,Clothing,4,25,100.0
498,2023-01-15,Male,46,Beauty,2,30,60.0
499,2023-03-01,Female,60,Beauty,4,25,100.0
500,2023-05-14,Male,39,Electronics,2,30,60.0
501,2023-04-02,Male,43,Electronics,3,50,150.0
502,2023-10-25,Male,45,Beauty,4,500,2000.0
503,2023-05-16,Female,38,Beauty,3,50,150.0
504,2023-01-20,Male,24,Beauty,1,50,50.0
505,2023-02-25,Male,34,Beauty,3,500,1500.0
506,2023-11-02,Female,37,Electronics,3,500,1500.0
507,2023-08-11,Male,58,Beauty,2,300,600.0
508,2023-06-26,Female,37,Electronics,3,300,900.0
509,2023-06-10,Female,39,Beauty,4,50,200.0
510,2023-08-12,Male,45,Beauty,2,50,100.0
511,2023-11-07,Female,57,Beauty,1,25,25.0
512,2023-09-19,Male,24,Electronics,4,25,100.0
513,2023-03-01,Female,18,Electronics,1,300,300.0
514,2023-07-17,Female,49,Clothing,3,300,900.0
515,2023-10-23,Male,30,Beauty,4,25,100.0
516,2023-04-08,Female,47,Clothing,4,25,100.0
517,2023-05-11,Female,40,Clothing,1,30,30.0
518,2023-01-23,Female,36,Electronics,4,30,120.0
519,2023-12-29,Female,49,Electronics,4,25,100.0
520,2023-08-12,Female,47,Clothing,4,30,120.0
521,2023-01-01,Male,46,Beauty,3,500,1500.0
522,2023-09-24,Female,62,Electronics,1,300,300.0
523,2023-10-03,Male,46,Beauty,4,300,1200.0
524,2023-12-18,Female,47,Beauty,2,25,50.0
525,2023-12-10,Male,33,Clothing,2,50,100.0
526,2023-04-11,Male,57,Clothing,2,25,50.0
527,2023-07-06,Female,36,Clothing,2,30,60.0
528,2023-08-09,Female,35,Clothing,3,50,150.0
529,2023-02-05,Female,18,Electronics,4,30,120.0
530,2023-12-07,Male,31,Electronics,1,500,500.0
531,2023-06-19,Female,64,Clothing,4,30,120.0
532,2023-11-16,Male,19,Electronics,3,500,1500.0
533,2023-06-10,Male,45,Clothing,2,500,1000.0
534,2023-12-06,Male,47,Beauty,3,30,90.0
535,2023-03-05,Female,55,Beauty,4,30,120.0
536,2023-06-03,Female,21,Beauty,1,500,500.0
537,2023-09-17,Male,18,Clothing,3,50,150.0
538,2023-06-08,Male,25,Beauty,1,500,500.0
539,2023-12-08,Female,46,Electronics,3,300,900.0
540,2023-07-29,Male,56,Beauty,1,500,500.0
541,2023-06-17,Female,20,Beauty,1,50,50.0
542,2023-07-26,Male,49,Beauty,2,300,600.0
543,2023-12-23,Female,27,Electronics,1,25,25.0
544,2023-06-01,Male,27,Clothing,2,25,50.0
545,2023-10-11,Female,36,Electronics,4,50,200.0
546,2023-03-07,Male,63,Clothing,4,500,2000.0
547,2023-04-09,Female,51,Clothing,2,30,60.0
548,2023-08-04,Female,50,Beauty,2,50,100.0
549,2023-12-07,Male,40,Clothing,3,300,900.0
550,2023-07-14,Male,45,Electronics,3,300,900.0
551,2023-12-13,Female,49,Electronics,3,25,75.0
552,2023-03-31,Male,24,Clothing,4,300,1200.0
553,2023-11-12,Female,46,Beauty,3,50,150.0
554,2023-10-19,Male,25,Beauty,1,300,300.0
555,2023-06-04,Female,18,Electronics,1,50,50.0
556,2023-07-27,Female,20,Beauty,3,30,90.0
557,2023-10-08,Female,41,Clothing,1,25,25.0
558,2023-01-01,Female,40,Clothing,4,300,1200.0
559,2023-06-05,Female,25,Electronics,1,50,50.0
560,2023-05-27,Female,64,Clothing,4,500,2000.0
561,2023-04-18,Male,54,Electronics,2,25,50.0
562,2023-08-09,Male,20,Clothing,2,30,60.0
563,2023-10-24,Male,50,Electronics,2,50,100.0
564,2023-11-07,Female,45,Beauty,2,30,60.0
565,2023-12-02,Female,64,Clothing,1,30,30.0
566,2023-06-14,Female,25,Clothing,3,300,900.0
567,2023-08-27,Female,51,Electronics,1,300,300.0
568,2023-08-15,Male,52,Electronics,4,50,200.0
569,2023-08-15,Male,49,Clothing,1,500,500.0
570,2023-12-12,Female,41,Electronics,1,50,50.0
571,2023-04-20,Male,31,Clothing,4,500,2000.0
572,2023-09-19,Male,49,Beauty,2,30,60.0
573,2023-08-31,Female,63,Electronics,2,25,50.0
574,2023-03-28,Male,60,Clothing,2,50,100.0
575,2023-12-04,Female,33,Beauty,3,50,150.0
576,2023-02-13,Male,21,Beauty,4,500,2000.0
577,2023-05-26,Female,54,Clothing,4,30,120.0
578,2023-09-21,Female,38,Electronics,1,30,30.0
579,2023-12-06,Female,31,Clothing,3,500,1500.0
580,2023-11-21,Female,48,Beauty,2,30,60.0
581,2023-11-14,Male,35,Clothing,3,300,900.0
582,2023-06-21,Female,24,Electronics,4,25,100.0
583,2023-02-17,Female,27,Beauty,4,50,200.0
584,2023-05-01,Female,24,Clothing,1,25,25.0
585,2023-12-11,Male,50,Electronics,1,50,50.0
586,2023-06-08,Female,40,Beauty,4,300,1200.0
587,2023-04-26,Male,38,Electronics,2,30,60.0
588,2023-04-12,Female,36,Beauty,2,500,1000.0
589,2023-03-17,Male,36,Clothing,3,300,900.0
590,2023-01-13,Male,53,Electronics,4,25,100.0
591,2023-01-24,Female,46,Beauty,4,500,2000.0
592,2023-05-06,Male,35,Electronics,2,30,60.0
593,2023-09-01,Female,19,Electronics,2,300,600.0
594,2023-11-09,Female,18,Clothing,4,500,2000.0
595,2023-02-07,Female,64,Electronics,1,300,300.0
596,2023-08-22,Male,22,Beauty,4,300,1200.0
597,2023-08-01,Male,37,Beauty,4,30,120.0
598,2023-11-19,Female,28,Beauty,2,50,100.0
599,2023-10-22,Female,59,Beauty,2,500,1000.0
600,2023-04-10,Male,19,Clothing,1,30,30.0
601,2023-12-23,Female,20,Electronics,1,300,300.0
602,2023-07-16,Female,40,Clothing,3,30,90.0
603,2023-09-11,Female,29,Electronics,4,50,200.0
604,2023-07-24,Male,37,Electronics,2,500,1000.0
605,2023-05-05,Male,22,Electronics,1,50,50.0
606,2023-03-17,Male,54,Clothing,3,25,75.0
607,2023-12-02,Female,55,Electronics,3,500,1500.0
608,2023-12-19,Female,47,Clothing,2,50,100.0
609,2023-01-03,Female,26,Beauty,2,300,600.0
610,2023-02-24,Male,51,Beauty,3,500,1500.0
611,2023-08-06,Female,61,Electronics,1,500,500.0
612,2023-04-23,Female,52,Clothing,3,30,90.0
613,2023-04-01,Female,39,Beauty,4,300,1200.0
614,2023-12-23,Female,61,Clothing,4,25,100.0
615,2023-09-23,Male,41,Clothing,2,50,100.0
616,2023-08-26,Male,34,Electronics,1,30,30.0
617,2023-01-26,Female,27,Beauty,1,50,50.0
618,2023-10-13,Male,47,Electronics,4,25,100.0
619,2023-05-08,Male,63,Electronics,3,25,75.0
620,2023-03-04,Female,40,Beauty,2,500,1000.0
621,2023-08-22,Female,49,Beauty,3,25,75.0
622,2023-03-10,Male,34,Clothing,3,50,150.0
623,2023-08-26,Female,34,Beauty,3,300,900.0
624,2023-12-08,Male,31,Clothing,1,300,300.0
625,2023-09-29,Female,26,Clothing,4,500,2000.0
626,2023-10-14,Male,57,Clothing,1,50,50.0
627,2023-11-01,Female,19,Beauty,4,50,200.0
628,2023-06-12,Male,62,Electronics,2,25,50.0
629,2023-08-15,Male,42,Clothing,2,50,100.0
630,2023-11-10,Male,56,Electronics,3,30,90.0
631,2023-09-16,Female,26,Electronics,4,25,100.0
632,2023-08-07,Male,39,Beauty,4,30,120.0
633,2023-10-08,Male,60,Electronics,4,500,2000.0
634,2023-08-17,Female,63,Electronics,3,300,900.0
635,2023-03-23,Female,21,Beauty,3,500,1500.0
636,2023-09-01,Male,43,Clothing,2,300,600.0
637,2023-08-19,Male,46,Electronics,1,500,500.0
638,2023-05-13,Female,62,Beauty,4,50,200.0
639,2023-05-07,Female,51,Electronics,4,30,120.0
640,2023-11-23,Female,40,Electronics,1,300,300.0
641,2023-05-22,Female,54,Clothing,4,25,100.0
642,2023-09-24,Female,28,Electronics,3,30,90.0
643,2023-09-06,Male,23,Beauty,3,25,75.0
644,2023-11-17,Female,35,Electronics,4,30,120.0
645,2023-05-03,Male,38,Clothing,3,30,90.0
646,2023-05-21,Male,59,Clothing,3,500,1500.0
647,2023-08-14,Male,53,Beauty,4,300,1200.0
648,2023-02-09,Female,58,Clothing,2,300,600.0
649,2024-01-01,Male,55,Electronics,1,30,30.0
650,2023-05-27,Male,51,Clothing,3,50,150.0
651,2023-05-01,Female,34,Beauty,2,50,100.0
652,2023-05-20,Male,54,Clothing,3,25,75.0
653,2023-06-21,Male,42,Clothing,3,25,75.0
654,2023-06-13,Female,55,Clothing,1,500,500.0
655,2023-10-04,Male,29,Beauty,3,30,90.0
656,2023-02-11,Male,40,Clothing,1,25,25.0
657,2023-03-12,Male,59,Clothing,1,25,25.0
658,2023-03-19,Female,39,Electronics,1,30,30.0
659,2023-04-29,Female,38,Beauty,2,500,1000.0
660,2023-07-16,Female,44,Clothing,4,25,100.0
661,2023-12-22,Male,48,Beauty,2,500,1000.0
662,2023-03-20,Male,23,Clothing,4,300,1200.0
663,2023-12-28,Female,44,Clothing,4,500,2000.0
664,2023-04-20,Male,57,Clothing,1,50,50.0
665,2023-02-02,Male,51,Electronics,3,50,150.0
666,2023-08-01,Female,29,Electronics,1,500,500.0
667,2023-07-28,Female,62,Electronics,3,50,150.0
668,2023-06-19,Male,24,Beauty,4,300,1200.0
669,2023-10-05,Male,27,Beauty,1,30,30.0
670,2023-08-27,Male,62,Electronics,3,50,150.0
671,2023-08-01,Female,34,Beauty,2,50,100.0
672,2023-02-01,Female,43,Clothing,3,500,1500.0
673,2023-04-16,Female,38,Clothing,1,300,300.0
674,2023-08-04,Female,45,Clothing,2,30,60.0
675,2023-07-19,Male,63,Electronics,3,500,1500.0
676,2023-10-27,Female,19,Beauty,3,500,1500.0
677,2023-12-23,Female,60,Electronics,3,300,900.0
678,2023-01-11,Female,18,Beauty,3,30,90.0
679,2023-10-22,Female,53,Clothing,3,300,900.0
680,2023-07-14,Female,43,Electronics,2,30,60.0
681,2023-09-02,Male,46,Beauty,4,300,1200.0
682,2023-01-04,Male,38,Beauty,2,500,1000.0
683,2023-06-30,Female,28,Clothing,2,500,1000.0
684,2023-06-02,Male,57,Electronics,2,25,50.0
685,2023-07-19,Female,28,Electronics,4,50,200.0
686,2023-08-03,Female,53,Electronics,1,300,300.0
687,2023-10-03,Male,56,Clothing,4,25,100.0
688,2023-10-07,Male,57,Electronics,2,50,100.0
689,2023-11-05,Female,52,Clothing,3,300,900.0
690,2023-04-23,Female,51,Clothing,3,30,90.0
691,2023-09-07,Female,64,Clothing,2,50,100.0
692,2023-04-23,Male,41,Beauty,3,500,1500.0
693,2023-05-20,Female,39,Electronics,2,25,50.0
694,2023-08-12,Female,22,Electronics,3,50,150.0
695,2023-09-06,Female,50,Clothing,4,50,200.0
696,2023-01-15,Male,53,Clothing,1,500,500.0
697,2023-07-19,Female,64,Electronics,1,300,300.0
698,2023-06-22,Female,37,Clothing,4,30,120.0
699,2023-12-09,Male,36,Electronics,4,500,2000.0
700,2023-12-14,Female,52,Beauty,2,30,60.0
701,2023-07-27,Female,60,Clothing,2,300,600.0
702,2023-03-26,Male,34,Electronics,2,50,100.0
703,2023-08-28,Female,62,Clothing,3,30,90.0
704,2023-03-07,Male,60,Electronics,2,25,50.0
705,2023-11-15,Male,51,Electronics,4,25,100.0
706,2023-10-01,Female,26,Clothing,1,500,500.0
707,2023-01-14,Female,43,Beauty,3,300,900.0
708,2023-07-21,Female,19,Electronics,2,500,1000.0
709,2023-10-31,Female,26,Electronics,3,500,1500.0
710,2023-10-16,Male,26,Electronics,3,500,1500.0
711,2023-12-06,Female,57,Beauty,2,25,50.0
712,2023-01-14,Male,34,Beauty,3,25,75.0
713,2023-02-12,Female,18,Clothing,1,500,500.0
714,2023-11-26,Female,42,Beauty,4,25,100.0
715,2023-08-08,Female,60,Clothing,4,300,1200.0
716,2023-03-11,Male,57,Clothing,1,500,500.0
717,2023-08-25,Female,59,Beauty,3,25,75.0
718,2023-04-04,Female,42,Clothing,2,30,60.0
719,2023-01-26,Female,56,Beauty,3,500,1500.0
720,2023-05-14,Female,52,Clothing,1,500,500.0
721,2023-07-14,Male,20,Beauty,3,300,900.0
722,2023-06-17,Female,54,Beauty,4,50,200.0
723,2023-04-19,Male,61,Clothing,3,50,150.0
724,2023-08-21,Male,61,Electronics,1,300,300.0
725,2023-06-17,Male,47,Clothing,4,300,1200.0
726,2023-06-22,Male,55,Beauty,3,300,900.0
727,2023-07-14,Male,51,Electronics,3,50,150.0
728,2023-05-23,Male,29,Clothing,4,300,1200.0
729,2023-08-04,Female,36,Clothing,2,25,50.0
730,2023-05-10,Male,54,Clothing,4,500,2000.0
731,2023-02-11,Male,61,Electronics,2,500,1000.0
732,2023-08-29,Male,34,Beauty,1,30,30.0
733,2023-01-10,Female,27,Clothing,1,30,30.0
734,2023-10-04,Female,64,Clothing,4,500,2000.0
735,2023-01-27,Male,29,Clothing,4,25,100.0
736,2023-06-29,Female,33,Clothing,1,50,50.0
737,2023-04-25,Male,41,Clothing,2,50,100.0
738,2023-11-29,Male,36,Beauty,1,25,25.0
739,2023-02-05,Female,25,Beauty,4,50,200.0
740,2023-11-30,Male,48,Clothing,1,300,300.0
741,2023-01-21,Female,38,Electronics,4,500,2000.0
742,2023-01-16,Female,34,Beauty,4,500,2000.0
743,2023-05-07,Male,40,Electronics,1,25,25.0
744,2023-04-13,Male,54,Beauty,2,50,100.0
745,2023-01-11,Female,33,Clothing,3,30,90.0
746,2023-11-15,Male,23,Beauty,1,30,30.0
747,2023-03-20,Male,25,Clothing,3,50,150.0
748,2023-05-03,Male,42,Beauty,1,30,30.0
749,2023-03-06,Female,35,Clothing,3,25,75.0
750,2023-08-31,Female,42,Clothing,2,25,50.0
751,2023-12-09,Male,29,Clothing,2,50,100.0
752,2023-02-28,Female,32,Clothing,1,30,30.0
753,2023-10-16,Female,43,Electronics,4,25,100.0
754,2023-04-22,Female,58,Clothing,3,25,75.0
755,2023-08-27,Female,62,Electronics,4,300,1200.0
756,2023-12-25,Female,43,Electronics,4,300,1200.0
757,2023-05-12,Male,64,Clothing,4,25,100.0
758,2023-07-08,Male,49,Electronics,2,50,100.0
759,2023-03-27,Male,27,Beauty,1,500,500.0
760,2023-11-07,Female,33,Clothing,1,500,500.0
761,2023-11-07,Female,24,Electronics,2,25,50.0
762,2023-02-28,Male,34,Clothing,2,25,50.0
763,2023-03-25,Female,40,Clothing,1,25,25.0
764,2023-06-09,Male,43,Clothing,4,50,200.0
765,2023-02-25,Male,38,Electronics,3,300,900.0
766,2023-10-24,Male,39,Beauty,3,25,75.0
767,2023-01-14,Female,24,Beauty,3,25,75.0
768,2023-06-09,Female,31,Electronics,4,30,120.0
769,2023-10-22,Male,32,Clothing,1,50,50.0
770,2023-12-13,Male,24,Electronics,2,25,50.0
771,2023-07-12,Male,26,Electronics,1,30,30.0
772,2023-07-23,Male,25,Electronics,4,500,2000.0
773,2023-04-12,Female,40,Clothing,2,25,50.0
774,2023-02-08,Female,46,Electronics,4,25,100.0
775,2023-10-31,Male,35,Clothing,3,30,90.0
776,2023-12-20,Male,48,Electronics,3,50,150.0
777,2023-11-18,Female,47,Beauty,4,25,100.0
778,2023-05-05,Female,56,Electronics,2,500,1000.0
779,2023-02-22,Male,52,Electronics,2,25,50.0
780,2023-12-23,Male,35,Beauty,1,500,500.0
781,2023-06-04,Male,59,Clothing,3,300,900.0
782,2023-12-17,Female,56,Clothing,1,300,300.0
783,2023-11-04,Female,34,Electronics,1,500,500.0
784,2023-03-03,Female,31,Beauty,4,50,200.0
785,2023-10-17,Male,48,Clothing,4,25,100.0
786,2023-01-22,Male,41,Electronics,1,25,25.0
787,2023-06-27,Female,52,Beauty,3,300,900.0
788,2023-09-30,Female,61,Clothing,4,500,2000.0
789,2023-08-08,Male,62,Clothing,1,25,25.0
790,2023-12-05,Female,51,Beauty,1,25,25.0
791,2023-07-09,Female,20,Beauty,1,50,50.0
792,2023-02-05,Male,54,Beauty,1,30,30.0
793,2023-09-17,Female,60,Beauty,1,300,300.0
794,2023-11-28,Male,57,Electronics,1,300,300.0
795,2023-06-24,Male,43,Beauty,4,30,120.0
796,2023-01-07,Male,40,Clothing,3,25,75.0
797,2023-08-04,Male,61,Clothing,1,50,50.0
798,2023-09-08,Male,56,Electronics,2,50,100.0
799,2023-02-24,Male,32,Clothing,4,300,1200.0
800,2023-08-10,Male,21,Clothing,4,50,200.0
801,2023-07-05,Female,46,Beauty,1,30,30.0
802,2023-11-22,Male,39,Clothing,4,25,100.0
803,2023-08-24,Male,42,Electronics,1,30,30.0
804,2023-12-29,Female,30,Beauty,3,500,1500.0
805,2023-03-20,Female,35,Beauty,3,300,900.0
806,2023-08-11,Female,50,Electronics,4,50,200.0
807,2023-04-01,Male,33,Beauty,4,500,2000.0
808,2023-09-25,Female,62,Beauty,2,50,100.0
809,2023-11-30,Male,59,Electronics,4,25,100.0
810,2023-05-19,Male,61,Beauty,2,25,50.0
811,2023-11-12,Male,19,Electronics,3,25,75.0
812,2023-10-03,Male,52,Electronics,3,50,150.0
813,2023-09-05,Female,59,Clothing,1,500,500.0
814,2023-08-27,Female,51,Clothing,3,25,75.0
815,2023-08-12,Male,47,Beauty,2,500,1000.0
816,2023-10-31,Male,30,Beauty,4,50,200.0
817,2023-05-18,Male,30,Electronics,1,500,500.0
818,2023-06-15,Female,35,Beauty,2,50,100.0
819,2023-05-06,Male,49,Electronics,4,50,200.0
820,2023-02-14,Male,49,Electronics,1,300,300.0
821,2023-05-23,Female,52,Beauty,3,50,150.0
822,2023-08-19,Female,56,Electronics,2,50,100.0
823,2023-05-05,Male,63,Clothing,4,30,120.0
824,2023-08-26,Female,46,Beauty,1,25,25.0
825,2023-10-19,Female,46,Clothing,1,300,300.0
826,2023-11-09,Male,61,Beauty,3,300,900.0
827,2023-12-09,Female,33,Electronics,4,300,1200.0
828,2023-07-14,Male,61,Beauty,3,30,90.0
829,2023-06-22,Female,64,Clothing,3,50,150.0
830,2023-01-15,Male,27,Electronics,4,25,100.0
831,2023-09-11,Male,47,Beauty,4,500,2000.0
832,2023-06-16,Male,42,Beauty,4,50,200.0
833,2023-04-04,Female,56,Beauty,2,30,60.0
834,2023-09-07,Male,37,Clothing,4,50,200.0
835,2023-04-19,Female,22,Clothing,1,50,50.0
836,2023-07-01,Male,18,Beauty,3,30,90.0
837,2023-05-13,Male,47,Electronics,2,300,600.0
838,2023-06-24,Female,20,Electronics,4,300,1200.0
839,2023-05-24,Male,62,Clothing,2,25,50.0
840,2023-11-02,Male,31,Electronics,4,25,100.0
841,2023-12-26,Female,47,Clothing,2,300,600.0
842,2023-05-22,Male,21,Beauty,3,500,1500.0
843,2023-10-12,Male,35,Clothing,3,50,150.0
844,2023-01-06,Male,54,Clothing,1,500,500.0
845,2023-09-22,Male,42,Beauty,1,50,50.0
846,2023-04-08,Female,18,Electronics,4,300,1200.0
847,2023-02-13,Female,63,Clothing,3,25,75.0
848,2023-05-04,Male,32,Clothing,2,25,50.0
849,2023-07-28,Female,26,Beauty,2,500,1000.0
850,2023-09-08,Male,32,Electronics,2,25,50.0
851,2023-10-12,Female,41,Clothing,1,300,300.0
852,2023-05-04,Male,21,Beauty,2,500,1000.0
853,2023-12-20,Male,29,Clothing,1,50,50.0
854,2023-09-01,Male,54,Beauty,1,25,25.0
855,2023-11-27,Male,54,Electronics,4,30,120.0
856,2023-12-31,Male,60,Electronics,2,25,50.0
857,2023-09-09,Male,23,Electronics,2,50,100.0
858,2023-08-18,Female,56,Electronics,3,500,1500.0
859,2023-01-09,Male,63,Clothing,4,50,200.0
860,2023-02-17,Female,41,Clothing,3,30,90.0
861,2023-05-31,Male,28,Electronics,4,300,1200.0
862,2023-04-24,Female,30,Electronics,2,25,50.0
863,2023-07-27,Female,51,Electronics,1,500,500.0
864,2023-12-21,Female,42,Clothing,1,300,300.0
865,2023-05-05,Male,24,Electronics,1,50,50.0
866,2023-06-06,Male,21,Electronics,1,500,500.0
867,2023-12-06,Female,25,Electronics,1,300,300.0
868,2023-10-25,Male,37,Beauty,3,500,1500.0
869,2023-07-08,Female,46,Electronics,4,30,120.0
870,2023-08-31,Male,62,Beauty,2,30,60.0
871,2023-10-11,Female,63,Beauty,3,25,75.0
872,2023-09-29,Female,27,Electronics,4,25,100.0
873,2023-06-26,Male,60,Beauty,1,30,30.0
874,2023-08-06,Female,51,Electronics,4,500,2000.0
875,2023-10-09,Male,43,Clothing,4,30,120.0
876,2023-06-19,Female,58,Clothing,1,25,25.0
877,2023-06-30,Female,20,Clothing,1,30,30.0
878,2023-12-26,Male,23,Clothing,1,30,30.0
879,2023-08-21,Male,22,Beauty,2,500,1000.0
880,2023-05-19,Male,22,Electronics,1,300,300.0
881,2023-06-06,Female,64,Electronics,2,25,50.0
882,2023-05-09,Male,40,Electronics,1,500,500.0
883,2023-04-29,Female,26,Clothing,2,30,60.0
884,2023-03-03,Female,52,Clothing,4,30,120.0
885,2023-04-09,Male,37,Electronics,3,300,900.0
886,2023-06-11,Male,59,Clothing,4,25,100.0
887,2023-03-03,Female,52,Electronics,4,25,100.0
888,2023-10-02,Female,35,Electronics,1,50,50.0
889,2023-12-20,Male,34,Electronics,2,25,50.0
890,2023-04-05,Male,41,Electronics,3,300,900.0
891,2023-04-09,Male,20,Electronics,1,50,50.0
892,2023-04-21,Male,49,Electronics,1,50,50.0
893,2023-09-05,Male,52,Electronics,1,30,30.0
894,2023-05-22,Female,55,Clothing,4,30,120.0
895,2023-10-29,Female,30,Electronics,2,25,50.0
896,2023-09-26,Female,64,Electronics,2,50,100.0
897,2023-11-02,Female,42,Clothing,3,30,90.0
898,2023-05-25,Male,26,Clothing,2,300,600.0
899,2023-02-21,Male,21,Clothing,2,30,60.0
900,2023-04-10,Male,31,Electronics,1,30,30.0
901,2023-06-01,Female,54,Beauty,1,50,50.0
902,2023-04-27,Female,51,Beauty,4,50,200.0
903,2023-07-04,Male,28,Clothing,1,500,500.0
904,2023-04-02,Male,58,Beauty,1,300,300.0
905,2023-06-04,Female,20,Clothing,1,50,50.0
906,2023-01-08,Female,45,Electronics,1,25,25.0
907,2023-12-29,Male,46,Beauty,4,300,1200.0
908,2023-10-01,Male,26,Electronics,1,300,300.0
909,2023-03-06,Female,20,Beauty,3,50,150.0
910,2023-05-21,Male,42,Electronics,3,300,900.0
911,2023-01-24,Male,51,Beauty,3,50,150.0
912,2023-01-28,Male,29,Electronics,3,30,90.0
913,2023-10-11,Female,59,Electronics,1,500,500.0
914,2023-05-30,Female,26,Beauty,3,30,90.0
915,2023-12-24,Female,32,Electronics,1,50,50.0
916,2023-03-06,Female,57,Electronics,4,50,200.0
917,2023-11-23,Female,42,Electronics,3,30,90.0
918,2023-09-09,Female,22,Beauty,2,25,50.0
919,2023-02-22,Female,28,Beauty,3,25,75.0
920,2023-01-07,Male,51,Electronics,3,25,75.0
921,2023-10-21,Male,41,Electronics,1,50,50.0
922,2023-05-26,Male,32,Beauty,3,300,900.0
923,2023-08-29,Male,55,Beauty,2,50,100.0
924,2023-09-03,Male,25,Electronics,1,300,300.0
925,2023-08-14,Male,22,Electronics,1,30,30.0
926,2023-06-24,Male,43,Electronics,4,500,2000.0
927,2023-04-05,Female,35,Clothing,4,300,1200.0
928,2023-01-27,Female,23,Beauty,3,25,75.0
929,2023-05-10,Male,54,Clothing,4,50,200.0
930,2023-09-02,Male,30,Beauty,4,30,120.0
931,2023-02-28,Female,45,Beauty,4,25,100.0
932,2023-02-03,Male,22,Beauty,1,30,30.0
933,2023-07-25,Male,30,Beauty,1,500,500.0
934,2023-09-09,Female,34,Beauty,1,50,50.0
935,2023-02-07,Male,57,Beauty,4,50,200.0
936,2023-10-23,Female,62,Beauty,1,500,500.0
937,2023-11-19,Male,49,Clothing,4,50,200.0
938,2023-12-18,Female,46,Electronics,1,300,300.0
939,2023-01-28,Female,20,Electronics,1,30,30.0
940,2023-03-19,Female,57,Clothing,2,25,50.0
941,2023-03-18,Male,51,Clothing,3,500,1500.0
942,2023-10-16,Female,57,Clothing,4,300,1200.0
943,2023-06-05,Male,44,Clothing,2,25,50.0
944,2023-02-13,Male,30,Beauty,1,25,25.0
945,2023-05-08,Male,62,Electronics,4,500,2000.0
946,2023-03-02,Male,50,Beauty,1,300,300.0
947,2023-10-13,Female,23,Electronics,3,25,75.0
948,2023-08-02,Female,41,Electronics,2,25,50.0
949,2023-11-07,Male,36,Clothing,3,300,900.0
950,2023-11-02,Male,33,Beauty,2,50,100.0
951,2023-11-13,Female,57,Clothing,1,25,25.0
952,2023-04-26,Male,45,Beauty,3,30,90.0
953,2023-09-25,Female,50,Electronics,3,300,900.0
954,2023-07-14,Male,58,Clothing,1,25,25.0
955,2023-08-19,Male,30,Clothing,3,500,1500.0
956,2023-08-15,Female,60,Electronics,4,30,120.0
957,2023-06-02,Male,62,Electronics,2,25,50.0
958,2023-10-29,Female,42,Electronics,2,30,60.0
959,2023-08-08,Male,59,Clothing,2,30,60.0
960,2023-06-06,Male,53,Beauty,4,50,200.0
961,2023-10-19,Male,44,Clothing,2,30,60.0
962,2023-11-14,Female,55,Beauty,1,50,50.0
963,2023-01-31,Male,24,Clothing,3,300,900.0
964,2023-11-09,Male,22,Clothing,4,50,200.0
965,2023-02-20,Male,60,Electronics,2,500,1000.0
966,2023-04-17,Male,62,Beauty,1,25,25.0
967,2023-11-17,Female,48,Clothing,3,300,900.0
968,2023-04-19,Female,40,Clothing,3,300,900.0
969,2023-05-16,Male,59,Electronics,4,500,2000.0
970,2023-12-05,Female,27,Electronics,4,50,200.0
971,2023-02-11,Male,49,Beauty,4,25,100.0
972,2023-03-22,Male,60,Clothing,1,50,50.0
973,2023-05-03,Male,47,Beauty,1,30,30.0
974,2023-03-30,Female,56,Clothing,4,50,200.0
975,2023-10-10,Female,48,Beauty,2,300,600.0
976,2023-02-08,Female,35,Electronics,3,25,75.0
977,2023-03-22,Female,53,Clothing,3,50,150.0
978,2023-01-02,Female,19,Beauty,1,25,25.0
979,2023-07-29,Female,31,Electronics,3,25,75.0
980,2023-08-19,Female,30,Electronics,2,30,60.0
981,2023-12-19,Female,46,Beauty,3,30,90.0
982,2023-11-01,Female,29,Clothing,1,300,300.0
983,2023-08-29,Male,56,Clothing,1,500,500.0
984,2023-05-30,Female,19,Electronics,2,25,50.0
985,2023-01-17,Female,49,Clothing,2,500,1000.0
986,2023-04-29,Female,30,Clothing,3,300,900.0
987,2023-05-28,Female,63,Clothing,3,25,75.0
988,2023-12-28,Female,44,Electronics,1,25,25.0
989,2023-05-25,Female,58,Beauty,2,500,1000.0
990,2023-12-26,Female,34,Clothing,2,50,100.0
991,2023-08-21,Female,57,Electronics,2,30,60.0
992,2023-02-06,Female,48,Electronics,3,50,150.0
993,2023-12-18,Female,51,Beauty,2,500,1000.0
994,2023-04-30,Female,41,Clothing,1,30,30.0
995,2023-05-16,Male,62,Clothing,1,50,50.0
996,2023-11-17,Male,52,Beauty,3,30,90.0
997,2023-10-29,Female,23,Beauty,4,25,100.0
998,2023-12-05,Female,36,Electronics,3,50,150.0
999,2023-04-12,Male,47,Electronics,4,30,120.0
